/*
 Navicat Premium Data Transfer

 Source Server         : myTest
 Source Server Type    : MySQL
 Source Server Version : 80019
 Source Host           : localhost:3306
 Source Schema         : myspace6

 Target Server Type    : MySQL
 Target Server Version : 80019
 File Encoding         : 65001

 Date: 06/09/2023 21:36:32
*/

SET NAMES utf8mb4;
SET FOREIGN_KEY_CHECKS = 0;

-- ----------------------------
-- Table structure for sys_permission
-- ----------------------------
DROP TABLE IF EXISTS `sys_permission`;
CREATE TABLE `sys_permission`  (
  `id` int(0) NOT NULL AUTO_INCREMENT,
  `parentId` int(0) NOT NULL,
  `name` varchar(50) CHARACTER SET utf8mb4 COLLATE utf8mb4_general_ci NOT NULL,
  `css` varchar(30) CHARACTER SET utf8mb4 COLLATE utf8mb4_general_ci NULL DEFAULT NULL,
  `href` varchar(1000) CHARACTER SET utf8mb4 COLLATE utf8mb4_general_ci NULL DEFAULT NULL,
  `type` tinyint(1) NOT NULL,
  `permission` varchar(50) CHARACTER SET utf8mb4 COLLATE utf8mb4_general_ci NULL DEFAULT NULL,
  `sort` int(0) NOT NULL,
  PRIMARY KEY (`id`) USING BTREE
) ENGINE = InnoDB AUTO_INCREMENT = 45 CHARACTER SET = utf8mb4 COLLATE = utf8mb4_general_ci ROW_FORMAT = Compact;

-- ----------------------------
-- Records of sys_permission
-- ----------------------------
INSERT INTO `sys_permission` VALUES (1, 0, '用户管理', 'fa-users', '', 1, '', 1);
INSERT INTO `sys_permission` VALUES (2, 1, '用户查询', 'fa-user', 'pages/user/userList.html', 1, '', 2);
INSERT INTO `sys_permission` VALUES (3, 2, '查询', '', '', 2, 'sys:user:query', 100);
INSERT INTO `sys_permission` VALUES (4, 2, '新增', '', '', 2, 'sys:user:add', 100);
INSERT INTO `sys_permission` VALUES (6, 0, '修改密码', 'fa-pencil-square-o', 'pages/user/changePassword.html', 1, 'sys:user:password', 4);
INSERT INTO `sys_permission` VALUES (7, 0, '系统设置', 'fa-gears', '', 1, '', 5);
INSERT INTO `sys_permission` VALUES (8, 7, '菜单', 'fa-cog', 'pages/menu/menuList.html', 1, '', 6);
INSERT INTO `sys_permission` VALUES (9, 8, '查询', '', '', 2, 'sys:menu:query', 100);
INSERT INTO `sys_permission` VALUES (10, 8, '新增', '', '', 2, 'sys:menu:add', 100);
INSERT INTO `sys_permission` VALUES (11, 8, '删除', '', '', 2, 'sys:menu:del', 100);
INSERT INTO `sys_permission` VALUES (12, 7, '角色', 'fa-user-secret', 'pages/role/roleList.html', 1, '', 7);
INSERT INTO `sys_permission` VALUES (13, 12, '查询', '', '', 2, 'sys:role:query', 100);
INSERT INTO `sys_permission` VALUES (14, 12, '新增', '', '', 2, 'sys:role:add', 100);
INSERT INTO `sys_permission` VALUES (15, 12, '删除', '', '', 2, 'sys:role:del', 100);
INSERT INTO `sys_permission` VALUES (16, 0, '文件管理', 'fa-folder-open', 'pages/file/fileList.html', 1, '', 8);
INSERT INTO `sys_permission` VALUES (17, 16, '查询', '', '', 2, 'sys:file:query', 100);
INSERT INTO `sys_permission` VALUES (18, 16, '删除', '', '', 2, 'sys:file:del', 100);
INSERT INTO `sys_permission` VALUES (19, 0, '数据源监控', 'fa-eye', 'druid/index.html', 1, '', 9);
INSERT INTO `sys_permission` VALUES (20, 0, '接口swagger', 'fa-file-pdf-o', 'swagger-ui.html', 1, '', 10);
INSERT INTO `sys_permission` VALUES (21, 0, '代码生成', 'fa-wrench', 'pages/generate/edit.html', 1, 'generate:edit', 11);
INSERT INTO `sys_permission` VALUES (22, 0, '公告管理', 'fa-book', 'pages/notice/noticeList.html', 1, '', 12);
INSERT INTO `sys_permission` VALUES (23, 22, '查询', '', '', 2, 'notice:query', 100);
INSERT INTO `sys_permission` VALUES (24, 22, '添加', '', '', 2, 'notice:add', 100);
INSERT INTO `sys_permission` VALUES (25, 22, '删除', '', '', 2, 'notice:del', 100);
INSERT INTO `sys_permission` VALUES (26, 0, '日志查询', 'fa-reorder', 'pages/log/logList.html', 1, 'sys:log:query', 13);
INSERT INTO `sys_permission` VALUES (27, 0, '邮件管理', 'fa-envelope', 'pages/mail/mailList.html', 1, '', 14);
INSERT INTO `sys_permission` VALUES (28, 27, '发送邮件', '', '', 2, 'mail:send', 100);
INSERT INTO `sys_permission` VALUES (29, 27, '查询', '', '', 2, 'mail:all:query', 100);
INSERT INTO `sys_permission` VALUES (30, 0, '定时任务管理', 'fa-tasks', 'pages/job/jobList.html', 1, '', 15);
INSERT INTO `sys_permission` VALUES (31, 30, '查询', '', '', 2, 'job:query', 100);
INSERT INTO `sys_permission` VALUES (32, 30, '新增', '', '', 2, 'job:add', 100);
INSERT INTO `sys_permission` VALUES (33, 30, '删除', '', '', 2, 'job:del', 100);
INSERT INTO `sys_permission` VALUES (34, 0, 'excel导出', 'fa-arrow-circle-down', 'pages/excel/sql.html', 1, '', 16);
INSERT INTO `sys_permission` VALUES (35, 34, '导出', '', '', 2, 'excel:down', 100);
INSERT INTO `sys_permission` VALUES (36, 34, '页面显示数据', '', '', 2, 'excel:show:datas', 100);
INSERT INTO `sys_permission` VALUES (37, 0, '字典管理', 'fa-reddit', 'pages/dict/dictList.html', 1, '', 17);
INSERT INTO `sys_permission` VALUES (38, 37, '查询', '', '', 2, 'dict:query', 100);
INSERT INTO `sys_permission` VALUES (39, 37, '新增', '', '', 2, 'dict:add', 100);
INSERT INTO `sys_permission` VALUES (40, 37, '删除', '', '', 2, 'dict:del', 100);
INSERT INTO `sys_permission` VALUES (42, 1000, '查看初级秘籍', NULL, NULL, 10, 'chuji', 1000);
INSERT INTO `sys_permission` VALUES (43, 1000, '查看中级秘籍', NULL, NULL, 10, 'zhongji', 1000);
INSERT INTO `sys_permission` VALUES (44, 1000, '查看高级秘籍', NULL, NULL, 10, 'gaoji', 1000);

-- ----------------------------
-- Table structure for sys_role
-- ----------------------------
DROP TABLE IF EXISTS `sys_role`;
CREATE TABLE `sys_role`  (
  `id` int(0) NOT NULL AUTO_INCREMENT,
  `name` varchar(50) CHARACTER SET utf8mb4 COLLATE utf8mb4_general_ci NOT NULL,
  `description` varchar(100) CHARACTER SET utf8mb4 COLLATE utf8mb4_general_ci NULL DEFAULT NULL,
  `createTime` datetime(0) NULL,
  `updateTime` datetime(0) NULL,
  PRIMARY KEY (`id`) USING BTREE,
  UNIQUE INDEX `name`(`name`) USING BTREE
) ENGINE = InnoDB AUTO_INCREMENT = 6 CHARACTER SET = utf8mb4 COLLATE = utf8mb4_general_ci ROW_FORMAT = Compact;

-- ----------------------------
-- Records of sys_role
-- ----------------------------
INSERT INTO `sys_role` VALUES (1, 'ADMIN', '管理员', '2017-05-01 13:25:39', '2017-10-05 21:59:18');
INSERT INTO `sys_role` VALUES (2, 'USER', '', '2017-08-01 21:47:31', '2017-10-05 21:59:26');
INSERT INTO `sys_role` VALUES (3, 'vip2', '会员2', '2021-08-23 21:49:15', '2021-08-23 21:49:18');
INSERT INTO `sys_role` VALUES (4, 'vip3', '会员3', '2021-08-23 21:49:41', '2021-08-23 21:49:44');
INSERT INTO `sys_role` VALUES (5, 'vip1', '会员1', '2021-08-23 21:50:18', '2021-08-23 21:50:21');

-- ----------------------------
-- Table structure for sys_role_permission
-- ----------------------------
DROP TABLE IF EXISTS `sys_role_permission`;
CREATE TABLE `sys_role_permission`  (
  `roleId` int(0) NOT NULL,
  `permissionId` int(0) NOT NULL,
  PRIMARY KEY (`roleId`, `permissionId`) USING BTREE
) ENGINE = InnoDB CHARACTER SET = utf8mb4 COLLATE = utf8mb4_general_ci ROW_FORMAT = Compact;

-- ----------------------------
-- Records of sys_role_permission
-- ----------------------------
INSERT INTO `sys_role_permission` VALUES (1, 1);
INSERT INTO `sys_role_permission` VALUES (1, 2);
INSERT INTO `sys_role_permission` VALUES (1, 3);
INSERT INTO `sys_role_permission` VALUES (1, 4);
INSERT INTO `sys_role_permission` VALUES (1, 6);
INSERT INTO `sys_role_permission` VALUES (1, 7);
INSERT INTO `sys_role_permission` VALUES (1, 8);
INSERT INTO `sys_role_permission` VALUES (1, 9);
INSERT INTO `sys_role_permission` VALUES (1, 10);
INSERT INTO `sys_role_permission` VALUES (1, 11);
INSERT INTO `sys_role_permission` VALUES (1, 12);
INSERT INTO `sys_role_permission` VALUES (1, 13);
INSERT INTO `sys_role_permission` VALUES (1, 14);
INSERT INTO `sys_role_permission` VALUES (1, 15);
INSERT INTO `sys_role_permission` VALUES (1, 16);
INSERT INTO `sys_role_permission` VALUES (1, 17);
INSERT INTO `sys_role_permission` VALUES (1, 18);
INSERT INTO `sys_role_permission` VALUES (1, 19);
INSERT INTO `sys_role_permission` VALUES (1, 20);
INSERT INTO `sys_role_permission` VALUES (1, 21);
INSERT INTO `sys_role_permission` VALUES (1, 22);
INSERT INTO `sys_role_permission` VALUES (1, 23);
INSERT INTO `sys_role_permission` VALUES (1, 24);
INSERT INTO `sys_role_permission` VALUES (1, 25);
INSERT INTO `sys_role_permission` VALUES (1, 26);
INSERT INTO `sys_role_permission` VALUES (1, 27);
INSERT INTO `sys_role_permission` VALUES (1, 28);
INSERT INTO `sys_role_permission` VALUES (1, 29);
INSERT INTO `sys_role_permission` VALUES (1, 30);
INSERT INTO `sys_role_permission` VALUES (1, 31);
INSERT INTO `sys_role_permission` VALUES (1, 32);
INSERT INTO `sys_role_permission` VALUES (1, 33);
INSERT INTO `sys_role_permission` VALUES (1, 34);
INSERT INTO `sys_role_permission` VALUES (1, 35);
INSERT INTO `sys_role_permission` VALUES (1, 36);
INSERT INTO `sys_role_permission` VALUES (1, 37);
INSERT INTO `sys_role_permission` VALUES (1, 38);
INSERT INTO `sys_role_permission` VALUES (1, 39);
INSERT INTO `sys_role_permission` VALUES (1, 40);
INSERT INTO `sys_role_permission` VALUES (2, 1);
INSERT INTO `sys_role_permission` VALUES (2, 2);
INSERT INTO `sys_role_permission` VALUES (2, 3);
INSERT INTO `sys_role_permission` VALUES (2, 4);
INSERT INTO `sys_role_permission` VALUES (2, 6);
INSERT INTO `sys_role_permission` VALUES (2, 7);
INSERT INTO `sys_role_permission` VALUES (2, 8);
INSERT INTO `sys_role_permission` VALUES (2, 9);
INSERT INTO `sys_role_permission` VALUES (2, 10);
INSERT INTO `sys_role_permission` VALUES (2, 11);
INSERT INTO `sys_role_permission` VALUES (2, 12);
INSERT INTO `sys_role_permission` VALUES (2, 13);
INSERT INTO `sys_role_permission` VALUES (2, 14);
INSERT INTO `sys_role_permission` VALUES (2, 15);
INSERT INTO `sys_role_permission` VALUES (2, 16);
INSERT INTO `sys_role_permission` VALUES (2, 17);
INSERT INTO `sys_role_permission` VALUES (2, 18);
INSERT INTO `sys_role_permission` VALUES (2, 19);
INSERT INTO `sys_role_permission` VALUES (2, 20);
INSERT INTO `sys_role_permission` VALUES (2, 21);
INSERT INTO `sys_role_permission` VALUES (2, 22);
INSERT INTO `sys_role_permission` VALUES (2, 23);
INSERT INTO `sys_role_permission` VALUES (2, 24);
INSERT INTO `sys_role_permission` VALUES (2, 25);
INSERT INTO `sys_role_permission` VALUES (2, 30);
INSERT INTO `sys_role_permission` VALUES (2, 31);
INSERT INTO `sys_role_permission` VALUES (2, 34);
INSERT INTO `sys_role_permission` VALUES (2, 36);
INSERT INTO `sys_role_permission` VALUES (3, 42);
INSERT INTO `sys_role_permission` VALUES (3, 43);
INSERT INTO `sys_role_permission` VALUES (4, 42);
INSERT INTO `sys_role_permission` VALUES (4, 43);
INSERT INTO `sys_role_permission` VALUES (4, 44);
INSERT INTO `sys_role_permission` VALUES (5, 42);

-- ----------------------------
-- Table structure for sys_role_user
-- ----------------------------
DROP TABLE IF EXISTS `sys_role_user`;
CREATE TABLE `sys_role_user`  (
  `userId` int(0) NOT NULL,
  `roleId` int(0) NOT NULL,
  PRIMARY KEY (`userId`, `roleId`) USING BTREE
) ENGINE = InnoDB CHARACTER SET = utf8mb4 COLLATE = utf8mb4_general_ci ROW_FORMAT = Compact;

-- ----------------------------
-- Records of sys_role_user
-- ----------------------------
INSERT INTO `sys_role_user` VALUES (1, 1);
INSERT INTO `sys_role_user` VALUES (2, 2);
INSERT INTO `sys_role_user` VALUES (3, 5);
INSERT INTO `sys_role_user` VALUES (4, 4);

-- ----------------------------
-- Table structure for sys_user
-- ----------------------------
DROP TABLE IF EXISTS `sys_user`;
CREATE TABLE `sys_user`  (
  `id` int(0) NOT NULL AUTO_INCREMENT,
  `username` varchar(50) CHARACTER SET utf8mb4 COLLATE utf8mb4_general_ci NOT NULL,
  `password` varchar(60) CHARACTER SET utf8mb4 COLLATE utf8mb4_general_ci NOT NULL,
  `nickname` varchar(255) CHARACTER SET utf8mb4 COLLATE utf8mb4_general_ci NULL DEFAULT NULL,
  `headImgUrl` varchar(255) CHARACTER SET utf8mb4 COLLATE utf8mb4_general_ci NULL DEFAULT NULL,
  `phone` varchar(11) CHARACTER SET utf8mb4 COLLATE utf8mb4_general_ci NULL DEFAULT NULL,
  `telephone` varchar(30) CHARACTER SET utf8mb4 COLLATE utf8mb4_general_ci NULL DEFAULT NULL,
  `email` varchar(50) CHARACTER SET utf8mb4 COLLATE utf8mb4_general_ci NULL DEFAULT NULL,
  `birthday` date NULL DEFAULT NULL,
  `sex` tinyint(1) NULL DEFAULT NULL,
  `status` tinyint(1) NOT NULL DEFAULT 1,
  `createTime` datetime(0) NULL,
  `updateTime` datetime(0) NULL,
  PRIMARY KEY (`id`) USING BTREE,
  UNIQUE INDEX `username`(`username`) USING BTREE
) ENGINE = InnoDB AUTO_INCREMENT = 5 CHARACTER SET = utf8mb4 COLLATE = utf8mb4_general_ci ROW_FORMAT = Compact;

-- ----------------------------
-- Records of sys_user
-- ----------------------------
INSERT INTO `sys_user` VALUES (1, 'admin', '$2a$10$iYM/H7TrSaLs7XyIWQdGwe1xf4cdmt3nwMja6RT0wxG5YY1RjN0EK', '管理员', NULL, '', '', '', '1998-07-01', 0, 1, '2017-04-10 15:21:38', '2017-07-06 09:20:19');
INSERT INTO `sys_user` VALUES (2, 'user', '$2a$10$ooGb4wjT7Hg3zgU2RhZp6eVu3jvG29i/U4L6VRwiZZ4.DZ0OOEAHu', '用户', NULL, '', '', '', NULL, 1, 1, '2017-08-01 21:47:18', '2017-08-01 21:47:18');
INSERT INTO `sys_user` VALUES (3, 'zhangsan', '123', '法外狂徒vip1', NULL, NULL, NULL, NULL, NULL, NULL, 1, '2021-08-23 21:45:39', '2021-08-23 21:45:42');
INSERT INTO `sys_user` VALUES (4, 'lisi', '123', '李四vip1vip2', NULL, NULL, NULL, NULL, NULL, NULL, 1, '2021-08-23 21:46:54', '2021-08-23 21:47:23');

-- ----------------------------
-- Table structure for t_token
-- ----------------------------
DROP TABLE IF EXISTS `t_token`;
CREATE TABLE `t_token`  (
  `id` varchar(36) CHARACTER SET utf8mb4 COLLATE utf8mb4_general_ci NOT NULL COMMENT 'token',
  `val` text CHARACTER SET utf8mb4 COLLATE utf8mb4_general_ci NOT NULL COMMENT 'LoginUser的json串',
  `expireTime` datetime(0) NULL,
  `createTime` datetime(0) NULL,
  `updateTime` datetime(0) NULL,
  PRIMARY KEY (`id`) USING BTREE
) ENGINE = InnoDB CHARACTER SET = utf8mb4 COLLATE = utf8mb4_general_ci ROW_FORMAT = Compact;

SET FOREIGN_KEY_CHECKS = 1;
